trận 	tran 	29447
khi 	khi 	26413
bóng 	bong 	21832
đội 	doi 	20855
người 	nguoi 	20264
cầu thủ 	cau thu 	14746
anh 	anh 	13647
mùa 	mua 	12576
bàn 	ban 	12056
năm 	nam 	11916
sân 	san 	11059
giải 	giai 	9676
điểm 	diem 	7106
vòng 	vong 	6849
ông 	ong 	6636
lần 	lan 	6559
thứ 	thu 	6462
việc 	viec 	6419
tiền vệ 	tien ve 	6078
nhà 	nha 	5975
điều 	dieu 	5850
ngày 	ngay 	5527
phút 	phut 	5501
bảng 	bang 	5116
cơ hội 	co hoi 	4870
tiền đạo 	tien dao 	4856
đầu 	dau 	4789
bóng đá 	bong da 	4716
hợp đồng 	hop dong 	4515
chiến thắng 	chien thang 	4510
